player_id,n_events,centroid_x,centroid_y,lateral_spread,sub_role
8125,2537,47.72920772566023,48.95033504138747,24.849481760707118,CM
8285,1814,50.42833517089306,62.87816979051819,21.759606174089285,CM
8370,1503,50.532934131736525,37.174318030605455,28.33150167454022,CM
8980,1358,58.25552282768778,45.13107511045656,25.347498944648567,CM
8623,1927,51.336274001037886,54.19408406850026,28.083684954475142,CM
8319,2137,56.19513336452972,47.365465605989705,30.86474944217347,CM
235555,1555,57.58006430868167,42.84823151125402,30.62159741438902,CM
18550,2310,48.813419913419914,51.48831168831169,23.755222665858987,CM
207164,750,48.112,42.444,21.4602171134888,CM
8143,1736,44.785714285714285,48.53225806451613,24.15893810227629,CDM
241564,838,54.13245823389021,16.95346062052506,13.465970428265132,WIDE_MID
8317,3256,61.697788697788695,42.230651105651106,27.014121476476394,CAM
14808,1840,55.615760869565214,42.8875,22.87723712603721,CM
61967,940,48.87978723404255,54.242553191489364,21.466736233235007,CM
54,3408,62.458626760563384,52.401115023474176,27.63541346565917,CAM
13484,2506,63.46209098164405,41.4852354349561,26.151302076261306,CAM
25804,1298,55.815100154083204,65.53929121725731,25.922553775706042,WIDE_MID
105338,1739,61.06210465784934,54.20701552616446,29.171445462743794,CAM
7873,1221,55.13595413595414,50.81490581490581,19.746636333487878,CM
105333,1739,65.66474985623921,60.54284071305348,27.157423252684996,CAM
466,2218,45.804328223624886,36.872407574391346,20.366520806301683,CM
25950,1837,57.466521502449645,75.33913990201415,22.45246389574373,WIDE_MID
135114,1749,48.92338479130932,47.62149799885649,27.562467346403057,CM
29640,1629,48.081645181092696,47.02148557397176,23.752256429794247,CM
265366,2809,44.822000711997156,56.51833392666429,24.114660412202788,CDM
7906,1733,63.06116560877092,61.163300634737446,28.792648715364873,CAM
397174,519,50.52023121387283,64.92100192678227,21.02571330166055,CM
8625,1748,55.19565217391305,87.04805491990847,11.958618866319146,WIDE_MID
8086,2542,42.52714398111723,56.876475216365066,20.436530914895354,CDM
215983,1206,61.94776119402985,32.675787728026535,27.615472135130872,WIDE_MID
77552,1034,60.47195357833656,67.073500967118,30.33399771148227,WIDE_MID
7870,1860,57.69247311827957,51.13333333333333,24.063446409668575,CM
179,452,64.04203539823008,82.91592920353982,15.851780577326169,WIDE_MID
8314,1413,47.87190375088464,47.93064401981599,24.391652125747278,CM
7932,1554,46.62741312741313,53.2992277992278,24.118587935734407,CM
70092,1517,47.591298615688856,55.194462755438366,25.600256037008425,CM
9283,805,48.20621118012422,47.678260869565214,25.1948543067593,CM
9623,987,60.135764944275586,36.02532928064843,32.61503851120222,CAM
20620,1247,46.0793905372895,49.70489174017642,24.106728314901275,CM
7585,1958,46.26813074565884,45.52247191011236,25.662051450296957,CM
56025,1025,52.89756097560976,54.36682926829268,27.662377008367297,CM
247222,867,49.63783160322953,52.33448673587082,25.328488530341417,CM
3704,882,53.32766439909297,54.85374149659864,23.00377831703567,CM
3843,1044,67.14176245210729,56.872605363984675,32.745979772912975,CAM
4015,2042,59.59500489715965,56.646425073457394,33.104016424463964,CM
8200,2312,47.102076124567475,47.016003460207614,23.71532092349862,CM
20823,1708,60.78747072599531,48.81733021077283,28.4977620373929,CAM
4969,1293,56.675174013921115,57.472544470224285,28.791046554606424,CM
4278,2260,58.947345132743365,28.02787610619469,21.62433543598383,WIDE_MID
364005,860,52.20813953488372,40.980232558139534,27.439438319069023,CM
3470,2480,51.70927419354839,46.480645161290326,28.944265418076693,CM
167641,2895,45.05284974093264,53.50673575129534,21.76768096450589,CM
26518,1225,42.87020408163265,50.89959183673469,21.689442211085975,CDM
25888,1668,53.77937649880096,46.83393285371702,30.264550402047607,CM
286448,1252,46.096645367412144,49.07667731629393,24.032296398096786,CM
230895,1813,48.20628792057364,57.80750137892995,23.054305526319997,CM
3678,1512,61.73148148148148,69.37103174603175,22.798383306645697,WIDE_MID
3282,2040,61.957352941176474,59.976470588235294,29.27511409610538,CAM
395114,1388,43.971902017291065,49.87896253602305,21.944540204279846,CDM
5195,1000,57.605,49.13,35.66666806993907,CM
4375,1224,56.951797385620914,40.74346405228758,29.857188669040113,CM
4488,3008,49.6343085106383,41.41389627659574,25.279493202328194,CM
134174,2068,57.883462282398455,72.09961315280464,24.808599486101404,WIDE_MID
91064,819,42.50671550671551,54.124542124542124,21.72132054321167,CDM
4513,735,56.349659863945575,24.978231292517005,21.098628250045646,WIDE_MID
344075,1193,58.7116512992456,24.451802179379715,23.402831359159585,WIDE_MID
3538,893,45.94736842105263,33.85778275475924,25.668657459941315,WIDE_MID
485383,414,59.36231884057971,49.05314009661836,34.0200350782607,CM
211885,597,54.8643216080402,39.57286432160804,28.247292452124608,CM
4362,572,56.73601398601399,34.84965034965035,31.07538627437636,WIDE_MID
408293,356,60.83988764044944,62.53370786516854,31.975456939576294,CAM
40800,505,53.56039603960396,51.72079207920792,25.785425303871268,CM
279538,605,44.17851239669422,59.651239669421486,23.64876162594583,CDM
3409,1643,47.559951308581866,54.30066950699939,22.35642334082351,CM
20815,2014,49.03723932472691,61.475670307845085,24.20803514632784,CM
20935,2612,52.53483920367535,73.02794793261869,27.259150093268175,WIDE_MID
220359,2232,51.38485663082437,86.62679211469533,13.971381998219792,WIDE_MID
23427,1026,44.031189083820664,50.78265107212476,27.064665672964626,CDM
415809,821,44.45554202192448,77.94640682095006,22.247270095619953,WIDE_MID
21564,2576,42.90333850931677,52.26746894409938,22.811551441835363,CDM
20556,2359,64.77532852903772,73.85120813904197,26.95740659203478,WIDE_MID
51145,973,57.30832476875642,50.5087358684481,31.873741010319424,CM
116269,2302,52.89748045178106,13.328410078192876,12.929180986534558,WIDE_MID
37739,2364,56.27834179357022,52.620558375634516,30.550726088276935,CM
20689,2091,62.507890961262554,54.7221425155428,26.852294590694136,CAM
625,2443,49.168645108473186,63.37740483012689,21.63635534330158,CM
21620,1714,55.68728121353559,50.079929988331386,32.58850313885337,CM
26000,1684,50.2458432304038,52.83254156769596,28.210426266926024,CM
21025,726,60.52066115702479,50.66115702479339,23.81146187718034,CAM
22566,2420,50.421487603305785,85.38471074380165,12.821328123730169,WIDE_MID
20470,849,51.129564193168434,50.91166077738516,21.899652538767697,CM
20443,2825,50.29805309734513,51.63858407079646,22.519695458572315,CM
285109,2961,57.047281323877066,70.29449510300574,19.365555241743177,WIDE_MID
22162,2387,46.581483033095935,51.227901131126934,23.167997027078467,CM
22163,2134,51.807403936269914,56.891752577319586,27.669911480414438,CM
20403,433,46.87066974595843,50.25866050808314,26.467530336064545,CM
21314,720,50.34305555555556,44.02638888888889,23.727606340674413,CM
134429,200,50.495,49.025,26.366843328993298,CM
20523,310,64.87096774193549,53.21935483870968,31.155684021244195,CAM
292310,831,50.61853188929001,66.63297232250301,23.868289609134088,WIDE_MID
228928,1851,56.03457590491626,87.69529983792545,11.947772586906186,WIDE_MID
265865,3173,56.36022691459187,37.740308855972266,24.607665575483132,CM
20911,1734,52.11418685121107,66.31603229527104,21.630944450487494,WIDE_MID
9080,1351,64.12509252405626,39.092524056254625,26.99324242586389,CAM
284315,438,56.333333333333336,59.14840182648402,28.559518881127204,CM
21288,1588,48.98992443324937,47.02518891687657,24.81080258002512,CM
209091,1681,54.89649018441404,58.56870910172516,23.10329179414585,CM
14726,1277,63.639780736100235,21.573218480814408,16.79995717807005,WIDE_MID
18982,1636,53.70048899755501,15.125916870415647,13.989993390312064,WIDE_MID
15937,2835,48.685008818342155,48.336507936507935,27.62703366654882,CM
82518,1515,51.807260726072606,53.54653465346534,26.621018866924757,CM
65027,1322,42.99546142208774,62.17700453857791,23.068941551320428,CDM
15487,2115,54.79290780141844,51.162174940898346,26.568767755666187,CM
15782,589,48.49066213921901,53.55687606112054,23.777288106093835,CM
105378,1051,66.8116079923882,24.585156993339677,21.586837445626465,WIDE_MID
4509,691,45.37481910274964,49.09117221418234,23.344342831767843,CM
20402,2114,54.0279091769158,48.21523178807947,23.710302659770086,CM
14781,1438,49.08692628650904,76.0528511821975,22.20656462386703,WIDE_MID
14786,1020,62.00686274509804,69.23823529411764,28.062755777870603,WIDE_MID
127796,1726,64.59791425260718,34.78505214368482,30.64140661948254,WIDE_MID
20876,977,46.228249744114635,54.538382804503584,24.550316570127453,CM
8315,496,41.46774193548387,48.69758064516129,21.301900948832888,CDM
55990,2338,50.23267750213858,42.85543199315654,25.554167225027957,CM
83836,865,59.234682080924856,46.54219653179191,29.068738574270704,CM
127685,1220,56.942622950819676,50.057377049180324,31.235956432396318,CM
217052,446,53.44843049327354,53.69506726457399,34.92259592227531,CM
208716,783,51.18390804597701,52.14176245210728,36.32802502208012,CM
1729,410,49.55609756097561,51.59024390243903,25.2212295107371,CM
221333,1242,53.13929146537842,49.87761674718197,26.980779229310023,CM
134397,1088,62.4172794117647,46.59742647058823,30.096619522968354,CAM
302600,1230,53.329268292682926,56.32113821138211,23.911148085605785,CM
391387,246,54.853658536585364,49.7479674796748,29.854365830097706,CM
269490,558,60.91756272401434,36.04838709677419,27.900943451947537,CAM
15276,1995,54.04761904761905,82.28270676691729,20.517680236776897,WIDE_MID
134369,1460,45.74041095890411,47.33904109589041,23.751327291038727,CM
3566,816,39.799019607843135,48.229166666666664,21.73426081206891,CDM
41056,2231,55.69789332138055,49.17346481398476,25.820437807532237,CM
244357,1644,43.48357664233577,53.973844282238446,23.80085611609124,CDM
28948,501,48.54690618762475,62.23552894211577,21.202839790218203,CM
25649,1579,42.119696010133,37.34008866371121,20.92957550430999,CDM
30437,1178,59.230899830220714,47.26825127334465,30.072402472736737,CM
26508,3248,50.7201354679803,58.90055418719212,26.63236161606177,CM
26285,1456,56.699862637362635,81.3385989010989,18.04488620179059,WIDE_MID
93044,1228,56.508957654723126,31.043159609120522,29.684413332567477,WIDE_MID
275243,1405,58.9864768683274,57.34590747330961,27.880517978343235,CM
25939,1103,49.20670897552131,52.01903898458749,22.994606015121782,CM
25407,1145,58.63668122270742,50.74934497816594,29.823622864716896,CM
209086,1975,59.66075949367089,50.1893670886076,28.79504468012025,CM
25835,1066,57.908067542213885,44.333020637898684,31.82830667498283,CM
366401,2809,48.896048415806334,59.39444642221431,23.959017666660465,CM
25714,2252,63.41829484902309,47.17362344582593,31.995509411375487,CAM
30427,1450,47.54965517241379,54.28344827586207,25.43887385087988,CM
26100,1916,62.91910229645094,40.592901878914404,29.282315958942668,CAM
256084,1483,61.39447066756575,65.7242076871207,27.446650508190967,WIDE_MID
294695,2575,52.01242718446602,53.266019417475725,23.73641824633878,CM
37796,492,65.77235772357723,38.91869918699187,29.07433929836438,CAM
209117,2981,48.541764508554174,42.59677960415968,22.996318125815087,CM
209209,1877,58.039957378795954,45.19605753862547,32.55664123492912,CM
448079,1175,65.68170212765958,43.35574468085106,33.638109354672466,CAM
325781,1243,55.36524537409493,43.37811745776347,26.453865361955085,CM
28232,2097,39.0481640438722,53.915593705293276,20.294351817434524,CDM
50812,835,61.26826347305389,47.18443113772455,34.86134917344413,CAM
25805,892,45.39237668161435,13.295964125560538,13.243377756467842,WIDE_MID
207143,2886,47.00762300762301,47.36867636867637,22.61230572740835,CM
25562,454,57.997797356828194,50.01541850220264,29.499537620145755,CM
149062,848,50.24646226415094,37.18278301886792,22.793945545270354,CM
341752,255,44.588235294117645,38.49411764705882,21.646928932087093,CDM
37836,406,59.46551724137931,60.36699507389162,34.29531579914288,CM
3677,200,49.195,43.39,26.11143302603989,CM
326523,529,54.74102079395085,42.9413988657845,27.884542236994704,CM
399673,240,46.075,52.69583333333333,22.37796247033162,CM
285457,672,45.726190476190474,58.248511904761905,27.456875779821193,CM
388099,268,42.96641791044776,85.74253731343283,13.611687404115868,WIDE_MID
135937,483,50.325051759834366,43.3768115942029,22.972264545766823,CM
7967,1947,48.973805855161785,53.589625064201336,24.72505657473804,CM
254898,843,54.80782918149466,23.892052194543297,22.3136563520582,WIDE_MID
62389,2912,54.720467032967036,46.435782967032964,29.706638427853367,CM
25798,1316,47.047872340425535,46.49240121580547,24.55961822092383,CM
62224,1478,58.69621109607578,53.224627875507444,35.891861804147155,CM
8959,936,59.782051282051285,42.81837606837607,32.05515173678089,CM
8351,1610,46.801863354037266,46.909937888198755,23.36818473472031,CM
8925,837,47.65830346475508,49.36320191158901,23.38387747189645,CM
8284,1052,57.90684410646388,69.18250950570342,28.892117951263273,WIDE_MID
9414,1451,61.12198483804273,75.06409372846313,27.40275645942679,WIDE_MID
346071,299,62.65886287625418,66.70568561872909,26.38525241013378,WIDE_MID
116,1905,52.964829396325456,46.403149606299216,25.344230745705758,CM
8422,2030,68.10344827586206,35.37980295566503,27.370558049939298,CAM
127537,2639,46.46835922697991,48.005683971201215,23.64261096730196,CM
8471,2337,62.58536585365854,65.78219940094138,29.011247077222187,WIDE_MID
7868,1604,59.73379052369077,59.8216957605985,29.208321020483883,CM
49876,4060,51.15467980295566,47.96871921182266,22.72659043111778,CM
28291,1850,50.24594594594595,38.196216216216214,21.89847973160953,CM
77558,1560,59.11730769230769,36.330128205128204,27.989127642351278,CM
10252,1283,50.30007794232268,41.826188620420886,28.925373884166294,CM
383,2291,64.57660410301179,53.28546486250546,31.159424587154785,CAM
25537,1311,48.86346300533943,51.07170099160946,25.132887430931387,CM
26150,2615,61.578967495219885,70.19043977055449,24.6874352080485,WIDE_MID
8561,1975,46.66632911392405,49.639493670886075,26.235270576761774,CM
93,1897,61.0152872957301,63.150764364786504,32.4926710447153,CAM
41174,1886,58.16012725344645,41.295864262990456,28.36850074194072,CM
8249,669,50.28699551569507,61.08071748878924,23.09533876214704,CM
7934,1594,61.63111668757842,49.889585947302386,27.710146298127086,CAM
70403,690,51.969565217391306,48.32608695652174,26.31272326395962,CM
8324,490,53.44285714285714,48.4734693877551,18.646981756681974,CM
7888,309,52.83171521035599,41.469255663430424,25.64764728892596,CM
265318,518,50.922779922779924,58.34942084942085,30.860569786632553,CM
4365,1020,44.97843137254902,49.14901960784314,23.291036342662355,CDM
77550,200,47.535,50.18,22.232386173662828,CM
3650,1680,46.638690476190476,53.22857142857143,22.987168243486085,CM
40614,2212,46.10352622061483,51.54611211573237,24.846305457210267,CM
51004,1882,50.76780021253985,53.68278427205101,28.52760698969392,CM
3539,476,55.3235294117647,79.78361344537815,17.807314415851646,WIDE_MID
3476,3197,51.05911792305286,59.36502971535815,22.864684734009835,CM
40550,1838,54.12948857453754,54.869967355821544,23.4450668733472,CM
3353,2073,57.4785335262904,29.21562952243126,18.261831907968077,WIDE_MID
14836,1854,64.2799352750809,22.881877022653722,21.548037814562864,WIDE_MID
214062,2723,52.634961439588686,43.52919573999265,27.21847028248003,CM
3384,2196,52.35564663023679,48.190346083788704,26.670831032121068,CM
346195,2978,50.53357958361316,57.931833445265276,24.858627229375568,CM
70120,2221,40.65420981539847,50.55425484016209,19.58879888030057,CDM
225089,2105,62.62660332541568,53.22945368171021,34.27624978565617,CAM
7864,658,46.65653495440729,45.71732522796353,25.85074306544434,CM
280383,1237,55.72352465642684,42.91996766370251,28.6775550857242,CM
3803,2349,49.02511707109408,52.12771392081737,25.752141256828533,CM
3797,2232,43.337813620071685,71.55555555555556,26.778061820272605,WIDE_MID
14866,1017,55.83480825958702,54.8141592920354,32.110872703397725,CM
20406,258,52.32170542635659,65.50387596899225,22.00623329842152,WIDE_MID
15455,521,38.69097888675624,62.73512476007677,21.56240706632774,CDM
8287,2102,53.561370123691724,63.16460513796385,20.76523940048557,CM
3676,3586,46.6606246514222,55.05493586168433,26.568372770973745,CM
69404,1135,48.57797356828194,45.179735682819384,23.18998548377801,CM
3563,2394,62.24310776942356,40.409774436090224,28.66686192340925,CAM
3443,2919,53.74066461116821,43.13703323055841,29.96210301536624,CM
21894,875,57.13257142857143,78.848,18.43501742003212,WIDE_MID
3645,1670,58.19700598802395,25.75688622754491,25.369283331099506,WIDE_MID
217031,2220,46.52657657657657,58.98783783783784,24.265103654218894,CM
399676,2177,55.9696830500689,48.1134588883785,28.1339934612303,CM
412897,1045,59.86124401913876,68.92631578947369,25.354372054831437,WIDE_MID
5290,878,50.56150341685649,43.92596810933941,24.09545318575752,CM
3503,2004,61.554890219560875,54.76596806387226,27.981479137973658,CAM
3568,1632,52.012867647058826,48.564338235294116,27.77839127373597,CM
3510,716,42.25139664804469,39.125698324022345,22.511308336215485,CDM
255738,1786,44.8023516237402,52.01063829787234,22.561894921515133,CDM
302550,775,59.303225806451614,62.07483870967742,28.381028241139173,CM
247219,1034,54.18762088974855,45.98065764023211,23.690355138237226,CM
3280,3178,53.022970421648836,46.607929515418505,26.90513932191113,CM
3674,777,48.61647361647362,59.14157014157014,21.690905835973908,CM
4593,568,47.53345070422535,53.41549295774648,25.43976333393695,CM
443324,287,54.97560975609756,51.853658536585364,26.81586092982044,CM
286963,657,51.602739726027394,43.4261796042618,23.853997904388503,CM
4361,1425,42.23719298245614,51.745964912280705,23.5814098977483,CDM
278383,390,60.7,77.56666666666666,20.885645718687908,WIDE_MID
373713,205,51.390243902439025,49.66341463414634,23.88183488140569,CM
4683,646,60.76160990712074,22.006191950464395,20.611879438891737,WIDE_MID
90268,2471,43.57102387697289,48.01011736139215,22.58313249542805,CDM
302799,2323,46.10503659061558,41.73913043478261,22.86668769485739,CM
149846,308,58.00974025974026,44.61363636363637,28.95942476119406,CM
20472,1974,49.50911854103344,33.81813576494427,33.15276434094648,WIDE_MID
21171,3068,57.84680573663624,27.90808344198175,17.11696732593473,WIDE_MID
278813,871,51.804822043628015,61.51549942594719,26.720940618504482,CM
99902,1841,59.02987506789788,37.7925040738729,25.497556751624124,CM
21507,2175,49.94390804597701,46.84827586206897,26.468741271644966,CM
241676,2100,48.94095238095238,50.663809523809526,24.041696444894576,CM
3344,1166,57.93567753001715,49.32504288164665,25.76622883313392,CM
20655,943,53.00424178154825,63.74125132555673,24.208596000199748,CM
20749,2542,49.21243115656963,41.49370574350905,23.9031513641302,CM
333571,3187,49.65045497332915,49.98933165986821,23.15481641718159,CM
45579,436,45.47018348623853,56.88532110091743,24.692698257844956,CM
20879,2218,57.999549143372406,52.665915238954014,27.485654134784365,CM
22380,2131,56.594087282965745,70.51384326607227,21.399314867972187,WIDE_MID
22695,1831,49.04369197160022,44.46095030038231,24.87875471233088,CM
174,757,55.99207397622193,37.30911492734478,25.804250580575566,CM
70834,733,58.787175989085945,63.384720327421554,27.603939413255716,CM
105334,1768,63.54242081447964,50.48190045248869,32.9062001510957,CAM
3318,1311,52.46300533943555,59.54462242562929,22.81002089259646,CM
21678,672,47.26190476190476,53.19047619047619,23.863547113661244,CM
14903,2490,47.47991967871486,50.830923694779116,25.88725919017053,CM
15524,2059,62.81447304516756,29.536668285575523,25.25437141911776,WIDE_MID
20653,2155,51.06171693735499,32.929466357308584,24.832486873271343,WIDE_MID
21291,2293,61.716092455298735,57.18796336676843,29.056723634807522,CAM
22381,1468,54.98910081743869,43.69618528610354,27.96504901392928,CM
265172,2041,53.381185693287605,56.581087702106814,27.00024355359742,CM
300669,859,50.36554132712456,52.13853317811409,25.396311300713652,CM
361807,726,49.31129476584022,51.83471074380165,20.13821775113373,CM
21315,3830,51.864751958224545,45.17597911227154,22.949678620406083,CM
21350,2013,51.57228017883756,65.00993541977148,21.130262014678102,WIDE_MID
295273,1181,51.28535139712108,39.756138865368335,25.708861625827666,CM
69400,2547,48.61248527679623,51.234000785237534,21.94815120980972,CM
328333,1665,57.01081081081081,61.46966966966967,26.05530727991732,CM
20938,1032,44.87015503875969,52.71414728682171,23.869120046698367,CDM
134508,1431,50.339622641509436,52.542976939203356,23.85162624996457,CM
299557,408,51.21813725490196,40.78431372549019,30.36870154343949,CM
22383,1476,55.52642276422764,26.556910569105693,19.88741565322655,WIDE_MID
21290,497,52.03822937625755,65.841046277666,28.241557497256387,WIDE_MID
246061,742,59.44878706199461,77.19137466307278,18.50545474522915,WIDE_MID
20850,2164,48.276802218114604,50.13678373382625,24.02410093644172,CM
22864,660,51.72878787878788,26.6469696969697,20.949130668850376,WIDE_MID
23386,416,58.48317307692308,31.283653846153847,26.594434096827317,WIDE_MID
70096,2066,57.80251694094869,46.45498547918683,26.981801001831816,CM
3345,1720,54.58779069767442,41.50116279069768,24.525206343163827,CM
349099,622,49.81832797427653,59.27491961414791,24.752949652499275,CM
224971,824,62.13834951456311,46.87985436893204,33.26164009488057,CAM
15811,1434,52.408647140864716,54.23640167364017,23.237943017749807,CM
3320,1438,50.43045897079277,44.43810848400556,22.82278695716302,CM
136011,1254,56.77910685805423,49.250398724082935,27.657196001455386,CM
208089,1049,53.36892278360343,42.619637750238326,25.970021535819722,CM
165425,1483,50.18678354686446,56.054619015509104,22.623369616545723,CM
221376,631,44.64342313787639,48.752773375594295,24.25589218701803,CDM
391606,801,61.32209737827716,45.438202247191015,35.218056288842014,CAM
449921,256,63.1875,63.24609375,31.642704830578218,CAM
14692,1545,42.53721682847896,50.58187702265372,23.137736550754497,CDM
272440,1961,52.883732789393164,60.9209586945436,26.688287087257294,CM
65055,1361,61.03967670830272,38.451873622336514,32.71659834317625,CAM
51013,841,63.39952437574316,43.950059453032104,25.008853253755753,CAM
14696,1248,61.39663461538461,47.78285256410256,32.13396867956612,CAM
14938,2171,48.813910640257944,43.04928604329802,26.2713395937901,CM
25861,2052,45.30994152046784,56.60818713450293,21.326796955573787,CM
14863,1728,44.58680555555556,50.847800925925924,25.135636359480042,CDM
15278,430,55.17674418604651,59.67209302325581,30.989913582660897,CM
14998,1011,40.77942631058358,48.94164193867458,22.70040687196715,CDM
345707,825,60.63393939393939,34.40121212121212,28.23317006169981,WIDE_MID
112253,351,59.598290598290596,47.56125356125356,27.637160958619937,CM
15695,806,61.259305210918114,73.34119106699752,26.765444776942285,WIDE_MID
144766,828,45.792270531400966,43.35748792270532,22.70600130480451,CM
272363,1098,53.54644808743169,41.864298724954466,22.81399521911519,CM
51132,1061,63.551366635249764,38.194156456173424,26.286232923195357,CAM
15141,451,58.21729490022173,58.509977827050996,31.50318167705105,CM
15812,378,59.457671957671955,50.48412698412698,28.99924103835838,CM
15456,1451,58.51895244658856,55.86629910406616,31.82547301191067,CM
65596,1480,60.46351351351351,68.0195945945946,26.903358356215918,WIDE_MID
425926,946,48.47251585623679,56.29704016913319,23.681339777639135,CM
49869,594,45.71885521885522,52.4040404040404,23.01619894040867,CM
327009,1078,47.859925788497215,44.1178107606679,25.366579575545536,CM
257750,2495,45.122244488977955,36.833667334669336,23.730003373827145,CM
26384,2642,59.95950037850113,53.66502649507949,29.61668883666633,CM
229198,1309,56.983193277310924,32.581359816653936,29.88464807395638,WIDE_MID
299154,279,51.46594982078853,41.562724014336915,28.430190428571755,CM
209028,2190,56.38675799086758,35.90684931506849,30.108521528685884,CM
25514,536,63.65298507462686,24.007462686567163,22.205159379808947,WIDE_MID
26065,2603,51.32347291586631,50.371878601613524,27.825110048957615,CM
25891,1158,56.620034542314336,50.40587219343696,27.844972112929526,CM
28866,1691,50.41750443524542,57.460082791247785,26.174178246070053,CM
408827,733,58.765347885402456,68.69167803547067,25.215094339757368,WIDE_MID
25800,1451,47.53342522398346,51.76498966230186,29.256427074321028,CM
26604,1143,64.07174103237095,64.96937882764655,28.293370660706103,CAM
340920,1568,53.75765306122449,45.93112244897959,26.934515606680034,CM
25743,2049,49.274280136652024,83.73548072230356,19.023995827939757,WIDE_MID
25598,295,39.13220338983051,58.433898305084746,23.34410303087598,CDM
280115,1849,51.2644672796106,60.114656571119525,27.211152189257795,CM
25403,763,50.1651376146789,58.92005242463958,24.44346745675793,CM
3314,1852,68.7181425485961,61.15712742980561,30.64728743070152,CAM
29590,506,55.223320158102766,62.21146245059288,31.814386605507984,CM
289359,1791,45.81127861529872,54.3891680625349,23.41440789618056,CM
274344,1924,45.08887733887734,52.142411642411645,23.584095436787308,CM
366542,376,55.454787234042556,72.62234042553192,25.655064339056622,WIDE_MID
38015,848,56.471698113207545,38.988207547169814,26.195971149347827,CM
256992,1252,58.62220447284345,58.246006389776355,30.308462542732123,CM
366760,644,53.61490683229814,66.36335403726709,21.79385160044188,WIDE_MID
25829,2697,50.493882091212456,36.03893214682981,23.623585258415805,CM
25596,957,47.715778474399166,48.55485893416928,24.982847042423778,CM
25826,3132,52.406130268199234,52.000319284802046,26.151909852076177,CM
25776,1474,64.41587516960651,47.10719131614654,29.424152713609516,CAM
70093,2744,52.650145772594755,52.18586005830904,25.633392333850566,CM
26314,1823,49.91003839824465,47.17388919363686,27.71271268004104,CM
397033,506,46.45652173913044,54.3399209486166,21.006530507300212,CM
229124,966,61.3768115942029,51.30848861283644,34.186960371975154,CAM
26414,487,45.46611909650924,53.630390143737166,22.312938459265755,CM
38236,415,50.74939759036145,63.96867469879518,22.743932289048058,CM
8533,724,60.2914364640884,51.01243093922652,26.901615949487176,CAM
258162,704,54.49289772727273,54.71448863636363,30.317326290791964,CM
284476,491,59.58452138492871,60.116089613034625,29.555702612568115,CM
4014,729,69.12071330589849,69.36625514403292,29.939664828621513,WIDE_MID
173213,301,51.29568106312292,51.38538205980066,27.030309881135484,CM
116345,679,45.85125184094256,46.94698085419735,24.114711458317768,CM
173,1706,58.912075029308326,28.76025791324736,28.944308396559457,WIDE_MID
8290,709,63.169252468265164,51.07898448519041,31.221632929894636,CAM
302518,1976,47.46052631578947,53.14827935222672,25.37988393256118,CM
28292,3313,49.11469966797465,49.48868095381829,24.215890807762094,CM
8981,787,61.52604828462516,60.81575603557815,28.30797288821017,CAM
9739,1495,62.46889632107023,66.2515050167224,27.590394625269873,WIDE_MID
332605,910,57.18681318681319,23.397802197802196,23.12557187124834,WIDE_MID
7961,418,51.42344497607655,40.557416267942585,26.900256388888486,CM
353236,1375,55.66109090909091,56.44072727272727,26.63889910663236,CM
38021,3972,61.96148036253776,56.23816717019134,29.15406282084407,CAM
11152,2151,50.440725244072524,43.250116225011624,22.662677415982962,CM
279717,939,46.95740149094782,36.95846645367412,33.44239518206691,CM
120339,1024,50.48046875,54.791015625,22.77423896111175,CM
3319,2540,63.129133858267714,48.936220472440944,28.910665377240285,CAM
230020,1730,59.90231213872833,55.225433526011564,29.498841581835826,CM
31528,3104,49.66237113402062,50.485502577319586,22.95387174405513,CM
15526,2285,61.392560175054705,54.52778993435449,30.972853243839754,CAM
8498,840,48.76547619047619,51.95595238095238,25.18658312067184,CM
8144,1344,58.14955357142857,68.75446428571429,28.421109649804315,WIDE_MID
192748,702,46.95014245014245,51.7037037037037,25.218937769296616,CM
7899,2856,45.64705882352941,52.99089635854342,22.50084071832952,CM
8530,1053,56.81101614434948,27.565052231718898,27.137181323640377,WIDE_MID
11294,771,53.58236057068742,28.11413748378729,21.81879196905424,WIDE_MID
77557,324,57.79938271604938,53.71913580246913,34.08618839792047,CM
7929,1707,54.13591095489162,51.82308142940832,28.56021969861414,CM
3413,1519,48.12903225806452,60.63067807768269,23.369290153258422,CM
8627,386,43.99740932642487,49.3419689119171,26.135056821716617,CDM
240070,847,51.138134592680046,51.06847697756789,25.08844940486648,CM
4511,1205,44.85228215767635,37.66390041493776,23.275057580425756,CDM
3346,2866,46.83705512909979,47.223656664340545,20.577200111414236,CM
225948,1501,53.05862758161226,78.39840106595602,24.881770517958973,WIDE_MID
3708,362,58.56353591160221,41.17403314917127,30.267781610703583,CM
4379,2293,57.9254252071522,43.035761011774966,25.734303808231196,CM
234527,921,62.98371335504886,70.6699239956569,26.946397212087714,WIDE_MID
4013,2192,42.11587591240876,55.865419708029194,24.336295343049443,CDM
3934,1309,62.2559205500382,77.9877769289534,17.36282639406869,WIDE_MID
282448,739,47.25439783491204,50.749661705006766,25.51094901278857,CM
6370,1505,59.88172757475083,54.819933554817275,28.560245697544214,CM
3287,1764,65.93424036281179,73.76077097505669,19.82251144348511,WIDE_MID
3571,2083,59.532885261641866,44.103696591454636,31.426259704405865,CM
237269,661,44.54614220877458,46.84266263237519,24.23151081827154,CDM
25623,2603,45.881290818286594,46.42220514790626,21.094467406554724,CM
265864,450,49.09111111111111,62.63777777777778,24.660273354332826,CM
26652,2347,57.235193864507885,71.87856838517256,24.122523919947632,WIDE_MID
241945,2081,60.067755886592984,24.955309947140798,22.948278423625023,WIDE_MID
269060,1938,47.19556243550051,46.30082559339525,23.59184009986065,CM
3680,1835,49.85231607629428,42.02888283378746,23.322094742278942,CM
355599,1984,64.14516129032258,48.64163306451613,33.20764149879803,CAM
43051,2210,53.2579185520362,39.6552036199095,25.328062664431133,CM
279555,839,69.2741358760429,75.32419547079857,26.997476652880792,WIDE_MID
3441,2384,47.15184563758389,58.57676174496644,24.636560522806402,CM
275293,300,57.35666666666667,56.123333333333335,33.44062959806937,CM
3414,1791,48.17252931323283,55.03126744835288,25.095129054209423,CM
3420,1704,61.622652582159624,53.291666666666664,32.366243494553366,CAM
5791,440,61.06363636363636,56.575,27.81002609227196,CAM
40756,2619,44.24131347842688,50.45360824742268,22.363251475989077,CDM
4911,1211,51.9925681255161,38.05532617671346,23.003400631573193,CM
32652,1304,59.69938650306749,46.729294478527606,28.204486301736388,CM
4363,1278,48.57276995305164,49.273865414710485,23.62577178604287,CM
261127,1383,65.10990600144613,56.691973969631235,35.17503041603831,CAM
20623,961,56.11030176899064,45.49323621227887,30.433092700001005,CM
240445,853,59.54396248534584,55.57327080890973,34.68579065617768,CM
32601,313,69.54952076677316,56.31629392971246,37.49896096427882,CAM
14757,420,47.292857142857144,54.90714285714286,23.413343938763155,CM
8323,610,62.16885245901639,39.78524590163934,29.798085346772226,CAM
226005,646,61.01702786377709,39.36687306501548,29.661450227306204,CAM
254188,233,58.30901287553648,72.12446351931331,27.128477097807984,WIDE_MID
50073,1795,54.412813370473536,48.286350974930365,29.568815260284186,CM
3736,333,49.933933933933936,64.22222222222223,23.64034964190319,CM
337225,399,60.18295739348371,42.78947368421053,33.83555843408553,CAM
20414,1181,49.60626587637595,42.299745977984756,28.47118510514359,CM
374013,881,49.14074914869467,45.25993189557321,21.952051974802888,CM
40726,2892,57.355463347164594,66.69121715076072,21.79433804560133,WIDE_MID
20468,769,58.1443433029909,37.799739921976595,30.980108704601697,CM
138174,1822,53.71185510428101,28.783754116355652,19.72486199538218,WIDE_MID
49991,3133,51.97925311203319,34.2665177146505,20.988125768598334,WIDE_MID
134435,1423,50.65354884047786,46.46451159522136,27.4558328075952,CM
25541,3121,50.849086831143865,40.50304389618712,25.873844710260997,CM
20751,1309,57.294117647058826,82.4209320091673,14.316354350287238,WIDE_MID
25437,2130,53.35446009389671,30.63474178403756,18.549159408244275,WIDE_MID
368642,207,56.34299516908212,38.932367149758456,29.292387189883016,CM
20943,976,48.53688524590164,46.939549180327866,22.879739854214975,CM
286226,763,49.972477064220186,50.056356487549145,22.959240863715518,CM
302798,285,54.603508771929825,49.550877192982455,30.596908632896156,CM
22099,1381,45.11875452570601,41.45112237509051,24.604611779924724,CM
447804,2317,63.71989641778161,56.731549417350024,32.41371583111017,CAM
347593,205,57.37073170731707,42.75609756097561,28.236380100269685,CM
20588,1713,46.6970227670753,13.224751897256276,10.589694517613642,WIDE_MID
246063,869,52.65822784810127,46.6915995397008,25.798835144028423,CM
3484,2685,63.82495344506518,40.06778398510242,27.979391921964957,CAM
40806,1305,65.37624521072797,53.475095785440615,31.644830170878343,CAM
7926,387,63.542635658914726,57.366925064599485,28.022377098320625,CAM
127534,961,58.052029136316335,80.10197710718002,24.35000868932716,WIDE_MID
190167,1502,52.563249001331556,14.201065246338215,13.84060971244629,WIDE_MID
21019,518,47.7007722007722,53.003861003861005,24.206637526601646,CM
20561,2451,51.796817625459,20.686658506731945,21.065876786619853,WIDE_MID
346908,658,50.84346504559271,58.93161094224924,26.074472505245236,CM
116171,1088,57.859375,40.34375,25.06542382408765,CM
86309,1072,41.9794776119403,54.71548507462686,22.78598154860346,CDM
21517,255,50.03137254901961,59.30980392156863,31.3856207039032,CM
14754,2043,50.9290259422418,53.6431718061674,29.6568595841679,CM
135561,1670,46.57005988023952,51.72694610778443,23.557019887810444,CM
447223,634,65.02523659305994,22.397476340694006,20.128647696158293,WIDE_MID
263614,1530,56.5516339869281,41.437254901960785,27.87987495280952,CM
15193,203,46.12315270935961,45.94581280788177,22.752043096256095,CM
406682,586,58.424914675767916,42.196245733788395,28.892977638546753,CM
15430,1949,44.77219086711134,44.15443817342227,22.643026065873244,CDM
15777,2404,45.57695507487521,41.725873544093176,23.59921945380355,CM
15131,528,51.63825757575758,54.67424242424242,25.762378233624204,CM
16826,1557,41.92870905587669,55.897880539499035,22.81115559134292,CDM
14997,1006,54.22365805168986,80.1023856858847,22.859868467308402,WIDE_MID
372915,1627,59.358942839582056,50.59618930547019,29.70678454832001,CM
20591,642,44.25545171339564,51.506230529595015,24.78476694480696,CDM
224680,1800,56.367222222222225,77.22777777777777,24.90279725946084,WIDE_MID
3535,973,53.34635149023638,49.97533401849949,27.243064734875276,CM
14802,1276,50.8307210031348,53.029780564263326,23.21093164257988,CM
89559,2521,48.67552558508528,47.75644585481952,25.504329369136297,CM
14838,2201,46.652885052248976,55.94457064970468,25.07903178516833,CM
360992,1771,45.284584980237156,46.555053642010165,22.61059926279144,CM
18591,783,58.0919540229885,72.58620689655173,24.81548097361855,WIDE_MID
17136,623,56.391653290529696,55.19743178170145,29.791955902230843,CM
224896,714,55.82072829131653,17.567226890756302,19.332887817016964,WIDE_MID
15191,1568,58.785714285714285,39.97002551020408,29.09713055455129,CM
284469,1250,61.908,50.9896,34.329828451905044,CAM
14806,1576,59.96637055837564,45.93781725888325,30.17584344599271,CM
15129,1636,59.72555012224939,49.89364303178484,28.19726811205651,CM
15012,797,36.01882057716437,59.62860727728984,24.58775862218661,CDM
15942,989,52.54802831142568,52.50657229524772,30.112427782622323,CM
413737,1829,46.20995079278294,55.46910880262438,22.614739106648745,CM
218896,601,55.31946755407654,49.75707154742096,25.018943904100723,CM
356903,1566,48.40549169859515,47.62515964240102,24.395686109909267,CM
15781,1496,53.655080213903744,53.73328877005348,25.0882933461587,CM
16303,2129,49.44527947393142,41.32785345232504,23.43807990049788,CM
14929,1617,37.037105751391465,49.81818181818182,20.225990311191357,CDM
14727,1412,68.84348441926346,77.45679886685552,20.61534531851491,WIDE_MID
14770,1162,56.68330464716007,54.253872633390706,26.76522657549363,CM
15804,246,51.5609756097561,32.9349593495935,29.3821380801603,WIDE_MID
367621,1371,50.7454412837345,46.266229029905176,22.83530092155923,CM
25492,2380,46.03991596638655,44.54159663865546,22.477235057060046,CM
260002,2119,53.438414346389806,50.01368570080226,27.685119076480134,CM
54380,1807,43.66242390702822,51.03541781959048,21.672966116261147,CDM
20685,870,42.93103448275862,46.329885057471266,22.350702035053178,CDM
217872,845,60.49585798816568,74.9207100591716,25.591849440574975,WIDE_MID
26512,2138,64.92095416276894,68.08652946679139,28.290846808203582,WIDE_MID
28990,2491,53.554395824969895,28.66961059815335,26.034770459915997,WIDE_MID
86486,1332,45.31306306306306,44.048048048048045,23.689719259443077,CM
25503,737,46.65535956580732,42.47896879240163,22.633538624667075,CM
28230,1854,44.98220064724919,50.36785329018339,20.899460250883248,CDM
26956,1642,62.25152253349574,47.258830694275275,33.162049234297896,CAM
56441,2669,50.576995129261896,63.305357811914575,22.634721882571988,CM
25704,717,51.30264993026499,61.8465829846583,25.67755372971374,CM
342743,2366,42.67328825021133,52.837700760777686,21.861544689046543,CDM
217874,2344,47.40571672354949,50.3792662116041,24.944854521717282,CM
14862,1798,57.09399332591769,39.28587319243604,26.12443001728322,CM
356237,2294,51.289450741063646,52.86748038360942,25.305492527194176,CM
25532,1383,51.538684020245846,13.53000723065799,16.62353449793394,WIDE_MID
25647,2508,52.436602870813395,47.79385964912281,26.728378789664966,CM
26120,2988,51.8045515394913,37.599062918340024,26.83206510693819,CM
246946,2399,48.16298457690704,58.10754481033764,22.93845569251601,CM
43196,1504,54.93949468085106,62.575797872340424,28.687122616608445,CM
228981,2627,58.37495241720594,61.99733536353255,32.64023573886893,CM
25470,1252,47.391373801916934,52.108626198083066,23.015082581834232,CM
263802,1374,51.89519650655022,61.68922852983988,22.11521016072871,CM
135913,1792,64.51674107142857,56.585379464285715,33.18968155918312,CAM
28922,2024,61.62549407114624,36.23221343873518,29.240449469228878,CAM
25439,1640,45.582317073170735,51.68780487804878,19.697903867595528,CM
347200,598,57.74916387959866,39.891304347826086,27.607804069357055,CM
25616,343,57.93002915451895,61.647230320699705,27.855323536516146,CM
134797,522,55.73371647509578,44.89655172413793,28.33716704385278,CM
407699,458,48.66593886462882,20.98471615720524,21.174015546965855,WIDE_MID
375001,1415,48.4530035335689,54.23533568904594,24.57938432540173,CM
7986,1004,44.70318725099602,48.72509960159363,24.96258671059927,CDM
28115,2393,62.01838696197242,52.0,28.93257066845167,CAM
413582,1655,49.259818731117825,65.69003021148036,24.270916327621414,WIDE_MID
366571,554,61.324909747292416,35.55956678700361,31.68254989715293,CAM
26033,261,57.39080459770115,77.91954022988506,21.19681673713763,WIDE_MID
3573,1493,31.914936369725385,55.89685197588747,24.203008077569063,CDM
419784,276,41.39855072463768,57.29710144927536,26.32631850664476,CDM
397303,224,59.05357142857143,79.72767857142857,21.961073224860847,WIDE_MID
20410,276,47.03260869565217,36.072463768115945,22.692613994596865,CM
22323,1137,50.01495162708883,49.596306068601585,28.663567328172235,CM
49982,626,47.98562300319489,47.48402555910543,24.86721022569572,CM
25871,381,64.71391076115485,63.63779527559055,27.504545832319938,CAM
523089,283,42.72791519434629,49.37455830388693,23.44907692385371,CDM
20531,390,60.58974358974359,38.14102564102564,22.803353133091,CAM
8620,1610,46.41304347826087,47.66024844720497,24.67717177170997,CM
8897,2113,43.582110743019406,53.14907714150497,23.35800955090406,CDM
9227,2208,57.093297101449274,65.01539855072464,32.16339033114654,WIDE_MID
70215,1158,59.13298791018998,36.92918825561313,30.571115123489623,CM
134294,996,47.66064257028113,56.96887550200803,24.245769151530517,CM
20593,1254,59.94577352472089,40.834130781499205,30.008185890403343,CM
7989,1773,47.60349689791314,45.94811054709532,25.14752439438327,CM
9293,846,61.410165484633566,20.88770685579196,20.75721396382473,WIDE_MID
86308,657,42.400304414003045,51.10654490106545,21.41234762653221,CDM
7964,2546,49.17242733699921,54.336999214454046,23.035437418944785,CM
7988,2102,51.174595623215986,54.433872502378684,27.06220299911076,CM
8140,328,59.71646341463415,50.44207317073171,27.6799588232978,CM
434159,335,51.62985074626866,31.2,24.51368919774892,WIDE_MID
9419,1452,59.53512396694215,51.90289256198347,31.312758433215784,CM
77548,2458,51.111472742066724,51.15825874694874,26.134879453181536,CM
25706,2548,46.74921507064364,53.7350863422292,25.75089954463864,CM
49872,2136,62.11329588014981,67.11704119850187,26.547440984216916,WIDE_MID
9194,631,63.42947702060222,30.659270998415213,28.632974199883698,WIDE_MID
245364,2033,69.86915887850468,24.191834727004426,24.5743607231002,WIDE_MID
105339,3868,48.85082730093071,49.247156153050675,20.658726078972553,CM
265673,1504,65.16023936170212,75.67752659574468,22.47447876757566,WIDE_MID
20441,827,63.42200725513906,58.407496977025396,26.382813980115415,CAM
3350,2864,55.73708100558659,58.05516759776536,25.055476578452225,CM
61961,474,47.76371308016878,48.49367088607595,25.444981936228732,CM
61962,1249,50.879903923138514,52.88630904723779,25.541536305216553,CM
15823,773,46.11772315653299,53.39586028460543,25.305666764685824,CM
8976,2111,53.89483657034581,39.41923259118901,26.79622930215458,CM
8116,1554,60.79150579150579,31.46074646074646,27.947588071787738,WIDE_MID
339789,1422,47.81153305203938,48.072433192686354,24.11051757997057,CM
283142,1255,62.45338645418327,36.4996015936255,30.210977305631825,CAM
3928,1263,44.98970704671417,48.18844022169438,22.95180562224042,CDM
8013,2054,55.63583252190847,43.385589094449855,37.05176414455418,CM
37725,1870,48.624598930481284,59.86149732620321,25.730287356157465,CM
70965,1414,61.25176803394625,48.95685997171146,30.27823754966818,CAM
70122,3591,45.85352269562796,41.91896407685881,22.436834384545982,CM
7936,2671,55.10258330213403,48.9771621115687,26.012929707039394,CM
8495,517,49.723404255319146,49.34622823984526,23.713365263951975,CM
247248,1525,54.81180327868852,40.79934426229508,34.57287748853778,CM
293686,758,57.82585751978892,52.70052770448549,32.6072059647987,CM
217078,433,40.06466512702079,83.12240184757506,16.964594987993763,WIDE_MID
210044,2948,45.451492537313435,56.226933514246944,21.992758637027904,CM
303357,653,45.332312404287904,41.594180704441044,26.824796750117002,CM
70156,1374,58.31659388646288,69.85807860262008,26.996065712758906,WIDE_MID
61988,1479,52.52603110209601,49.073022312373226,26.428960025022516,CM
262,1107,50.46973803071364,63.60523938572719,21.724572332923596,CM
25865,381,66.79265091863518,51.020997375328086,33.21753785439083,CAM
8142,418,56.85167464114833,35.82535885167464,23.951902804421444,CM
359847,1598,56.426157697121404,19.469962453066334,16.881554631796103,WIDE_MID
3423,1594,59.49560853199498,59.52258469259724,31.31781968544442,CM
230897,1175,60.74127659574468,78.23404255319149,20.24502038376112,WIDE_MID
247207,2002,59.952047952047955,52.01198801198801,27.926902803457445,CM
5542,2283,50.05825667980727,42.19623302671923,23.325611998644725,CM
4256,405,60.72345679012346,77.84197530864198,20.989618274194953,WIDE_MID
212644,1158,53.83851468048359,60.96718480138169,24.020136198101092,CM
29642,505,42.92475247524752,49.24356435643564,22.5257807144162,CDM
86828,1842,43.80727470141151,46.414766558089035,22.295423010291433,CDM
3474,1532,58.49869451697128,83.46148825065274,13.990029289967666,WIDE_MID
207001,1005,61.12238805970149,28.83084577114428,23.34893045873466,WIDE_MID
263091,893,44.38185890257559,38.10078387458007,21.390531869145786,CDM
25461,1354,58.322747415066466,64.294682422452,25.723233014408525,CM
3286,3426,50.46555750145943,51.907764156450675,24.123604174882434,CM
26032,659,50.91350531107739,58.88163884673748,21.70781265905892,CM
372752,1753,55.94751853964632,70.97889332572733,21.554860175292234,WIDE_MID
140125,887,50.3630214205186,50.384441939120634,23.27172654842944,CM
94828,667,58.386806596701646,51.70164917541229,29.147435827087005,CM
3572,1720,57.85116279069767,70.07441860465116,26.160293400422002,WIDE_MID
14723,2738,54.88495252008766,34.43279766252739,21.758650023556356,WIDE_MID
288091,1788,64.6062639821029,39.99832214765101,30.17105676739474,CAM
127928,811,53.315659679408135,59.28976572133169,25.486353285085844,CM
3705,1757,50.638588503130336,41.750711439954465,22.280322324334815,CM
3866,1091,43.631530705774516,55.780018331805685,24.625399068151545,CDM
4009,811,45.32675709001233,37.58446362515413,22.973655450163154,CM
3542,2698,49.18235730170497,42.46367679762787,24.11299980266228,CM
4332,1446,42.59889349930844,52.237206085753805,24.21332011114044,CDM
3595,1085,54.24976958525345,52.44239631336406,24.840963702063142,CM
20401,1320,45.4219696969697,51.88484848484848,22.54296709409346,CM
3317,1139,53.29499561018437,50.222124670763826,29.533675076019012,CM
247220,1187,60.196293176074136,70.14490311710193,27.2142067579348,WIDE_MID
364860,3558,43.351039910061836,50.17509836987072,21.36239588037045,CDM
4879,402,60.92039800995025,65.82338308457712,29.367414559384606,WIDE_MID
450784,424,56.49528301886792,54.54009433962264,27.562922571822796,CM
91122,265,51.528301886792455,55.74716981132075,25.84467446881629,CM
20529,2020,48.22871287128713,68.22722772277228,22.265771660890223,WIDE_MID
21169,842,52.94418052256532,41.48693586698337,26.066921017587443,CM
51151,1024,51.08984375,52.4033203125,29.655111515784654,CM
286223,2746,52.5659140568099,55.999271667880556,28.46203490903853,CM
21148,653,45.87901990811638,49.85451761102603,23.524272126885595,CM
69968,2435,55.432032854209446,41.03203285420945,25.406356497287938,CM
14812,2783,63.870643190801296,26.277398490837225,23.226047070743164,WIDE_MID
3543,2681,51.14061917195077,48.64453562103693,24.604348620970576,CM
20525,1015,51.508374384236454,30.019704433497537,21.146236531335347,WIDE_MID
20812,748,50.66711229946524,65.07085561497327,22.226449403406832,WIDE_MID
22158,487,43.1047227926078,56.219712525667354,21.68021849500743,CDM
20404,2763,57.91205211726384,64.2214983713355,24.05409998154295,CM
20448,2353,48.90310242243944,51.946451338716535,23.747549577031176,CM
226200,2725,53.83522935779816,85.8,15.441472086740301,WIDE_MID
114,2134,54.66260543580131,40.198219306466726,25.60811405591741,CM
149076,783,60.897828863346106,44.1992337164751,28.422032256167505,CAM
25405,1117,49.31065353625783,48.70367054610564,21.46208031699024,CM
8291,1032,41.439922480620154,54.117248062015506,21.195611357521724,CDM
256478,1936,50.81818181818182,47.99586776859504,25.789687730791865,CM
10113,677,50.59970457902511,35.335302806499264,25.408464503709773,CM
20845,2289,57.57798165137615,29.29401485364788,20.580147012363117,WIDE_MID
86301,1810,53.46740331491713,62.17182320441989,25.271872322223597,CM
20875,424,45.8372641509434,72.92216981132076,24.45753939188994,WIDE_MID
349102,631,53.3391442155309,57.84627575277337,27.619813705451374,CM
263591,302,52.72185430463576,71.43046357615894,20.66583034795432,WIDE_MID
213948,2027,61.597927972372965,54.803157375431674,32.00591057668015,CAM
354547,1873,58.399359316604375,34.35290977042178,27.531680728188093,WIDE_MID
20446,448,55.00669642857143,47.886160714285715,26.929653748214466,CM
37732,2256,46.49024822695036,49.14760638297872,22.172632969601107,CM
7965,2961,45.871327254305974,49.31003039513678,20.587629059780777,CM
116170,317,47.16719242902208,49.96845425867508,23.480646794092902,CM
20438,1677,45.69290399522958,49.709600477042336,20.895003676929612,CM
340019,878,56.57403189066059,56.0375854214123,28.913699287325247,CM
20816,1670,53.5748502994012,74.46047904191617,18.90588610536041,WIDE_MID
116349,2294,51.12990409764603,60.34263295553618,20.573893187655464,CM
20690,300,49.48,48.87,29.367919270425805,CM
20526,520,46.56346153846154,44.04807692307692,22.321861635892997,CM
3416,1575,46.58412698412698,53.98222222222222,20.74075324384636,CM
391530,1844,65.45444685466377,64.96529284164859,30.400757647035096,CAM
224677,1753,46.86651454649173,53.381061038220196,21.300222028481222,CM
49997,1281,48.46448087431694,27.946916471506636,29.151200531668486,WIDE_MID
14816,1092,59.714285714285715,48.49542124542125,26.60508240568376,CM
16110,1915,54.91383812010444,56.32741514360313,28.364305194129955,CM
282804,1236,49.830906148867314,75.22653721682848,24.93873577728959,WIDE_MID
289711,2144,53.600746268656714,45.24393656716418,25.549028938295503,CM
14905,1695,45.86017699115044,48.76873156342183,24.061674773385043,CM
16432,2290,57.40174672489083,35.17860262008734,27.025787012055048,CM
14989,2906,51.243977976600135,79.56090846524432,25.783994282712747,WIDE_MID
25995,2057,36.14244044725328,73.19056878949927,18.253927899815206,WIDE_MID
471348,931,50.17830290010741,55.48657357679914,25.55202540568988,CM
134387,1600,51.219375,59.71875,23.012673419198528,CM
425925,1922,57.63267429760666,61.87304890738814,25.65931263296328,CM
15225,248,52.979838709677416,44.75,28.91803998263449,CM
15188,1341,44.98284862043251,51.12751677852349,24.053255506704282,CDM
146583,2008,61.58366533864542,46.491533864541836,32.01402482955855,CAM
14706,1841,61.85279739272135,57.247148288973385,30.13241201914617,CAM
14864,1014,55.743589743589745,48.47435897435897,28.477850857644093,CM
404219,1172,56.45051194539249,59.26365187713311,23.552792085106187,CM
221452,616,59.03896103896104,33.228896103896105,27.74180390642764,WIDE_MID
228980,2158,41.592678405931416,53.268767377201115,23.542818633062083,CDM
223560,1170,63.6982905982906,72.97863247863248,23.54782305765146,WIDE_MID
15194,878,56.424829157175395,85.07630979498862,18.326690981472122,WIDE_MID
279734,1529,47.55395683453237,51.32766514061478,21.592471900591843,CM
15317,1384,62.391618497109825,28.669797687861273,25.39663805591751,WIDE_MID
14804,348,57.71264367816092,81.59482758620689,17.458709682396993,WIDE_MID
66654,236,55.29237288135593,69.09322033898304,30.091346685217786,WIDE_MID
15810,236,55.940677966101696,74.92372881355932,23.905721483649153,WIDE_MID
15018,769,57.8556566970091,79.79323797139142,20.0889339367581,WIDE_MID
208652,1275,58.65725490196078,54.44705882352941,33.58221917383355,CM
15256,2011,48.24564893088016,53.00546991546494,26.661755827335952,CM
20475,1720,51.07674418604651,42.121511627906976,20.778697700029966,CM
16027,797,63.68757841907152,62.85570890840653,26.85243516942596,CAM
15253,1067,42.23149015932521,47.97188378631677,21.62396429025576,CDM
245807,339,61.769911504424776,55.89675516224189,34.56164146052376,CAM
37714,585,64.22564102564102,53.32820512820513,33.67941590717186,CAM
25999,2554,59.08848864526233,46.56342991386061,30.692492133839547,CM
364644,1236,46.513754045307444,38.98867313915858,25.062122676577662,CM
26381,1088,59.15992647058823,54.59466911764706,28.414792153698492,CM
141172,2129,44.82057303898544,52.51855331141381,22.502208717239927,CDM
131959,3377,48.570624814924486,45.24518803671898,19.928939104593507,CM
228983,1030,45.980582524271846,51.710679611650484,22.670877585567315,CM
277629,2538,54.660756501182036,50.12056737588652,28.759623203999357,CM
29641,1133,59.18623124448367,48.87819947043248,35.53554423638006,CM
295569,1312,41.44664634146341,49.32545731707317,22.131498510840242,CDM
25504,1283,51.226812159002336,40.15510522213562,24.354476183811208,CM
26389,1389,50.42188624910007,35.53059755219582,19.503748801037485,CM
14722,2816,43.96555397727273,41.515625,21.832865155267637,CDM
26311,2240,45.06517857142857,50.00982142857143,25.211900391711392,CM
273819,1194,51.586264656616414,45.31909547738694,25.22335139662018,CM
397046,2421,53.94836844279224,31.588599752168527,21.54568704662776,WIDE_MID
256706,906,46.01324503311258,49.586092715231786,26.215127528701636,CM
330387,1292,60.160216718266255,47.833591331269346,34.78598084447718,CAM
25650,950,49.433684210526316,53.991578947368424,25.593069329704214,CM
21383,2596,49.07395993836672,56.71610169491525,22.67353772329864,CM
149053,1083,48.413665743305636,48.80609418282548,26.494851447305393,CM
234138,589,61.81494057724957,33.073005093378605,27.64276057510463,WIDE_MID
26539,659,52.86646433990895,67.71775417298937,19.268834873448025,WIDE_MID
25859,424,35.242924528301884,53.29716981132076,22.525139966388107,CDM
399576,265,65.76603773584905,68.57735849056604,29.796447326804387,WIDE_MID
25764,982,41.28411405295316,50.56720977596741,24.055344447503952,CDM
25942,1945,52.35886889460154,47.14807197943445,22.92377953891386,CM
253333,1338,49.431988041853515,54.538863976083704,26.078652094070417,CM
25406,291,59.48109965635739,48.8041237113402,26.697012299038025,CM
28117,1055,63.58767772511848,75.04549763033175,22.42465385858111,WIDE_MID
331923,647,40.936630602782074,43.33539412673879,22.015833715102612,CDM
437636,421,58.05463182897862,27.73871733966746,26.56856623312969,WIDE_MID
276920,849,56.266195524146056,56.53710247349823,28.381562105314714,CM
335763,1351,59.00222057735011,55.741672834937084,30.949120059523676,CM
43515,1156,48.69117647058823,54.201557093425606,24.787687859799124,CM
3315,716,47.141061452513966,51.03072625698324,22.241438174255407,CM
29137,606,44.698019801980195,56.493399339933994,22.571593117531712,CDM
27646,1514,54.138705416116245,47.15785997357992,33.40458065745484,CM
352992,230,57.26521739130435,18.791304347826088,14.34265367526012,WIDE_MID
134542,949,44.51106427818757,54.3277133825079,22.19179632173282,CDM
25440,1442,59.673370319001386,43.22122052704577,26.65270551126098,CM
8899,204,61.377450980392155,68.46078431372548,25.244487890229617,WIDE_MID
249926,418,44.54545454545455,59.76794258373206,26.18814468220259,CDM
25474,590,62.19661016949153,54.227118644067794,37.02785548295654,CAM
8464,2250,49.88622222222222,15.532,14.857948933468563,WIDE_MID
4366,327,47.669724770642205,56.51681957186544,20.806120611121226,CM
220341,718,47.47075208913649,57.071030640668525,22.991399078183168,CM
444439,236,46.478813559322035,50.432203389830505,23.033178220866553,CM
356908,358,53.385474860335194,37.089385474860336,20.257802014987803,CM
209211,296,61.432432432432435,66.84797297297297,26.639600876519975,WIDE_MID
138577,670,43.71940298507463,52.265671641791045,23.903040016794648,CDM
